address,mean,std,count
R,9.939318181818182,3.713409622440465,88
U,10.891205211726383,3.6707680511306493,307
