famsize,mean,std,count
GT3,10.484982206405695,3.7560184204396894,281
LE3,11.157719298245615,3.5173491715844074,114
