Fjob,mean,std,count
at_home,10.817,4.3888040572155385,20
health,11.482222222222223,2.9862755783861203,18
other,10.389815668202766,3.6614345199173304,217
services,10.669549549549549,3.3905422970340697,111
teacher,12.287241379310345,4.636324665501854,29
