Mjob,mean,std,count
at_home,9.762542372881356,3.6271545764482447,59
health,12.23470588235294,3.2707382498072555,34
other,10.059078014184397,3.527893523804097,141
services,11.207087378640775,3.9065489587102222,103
teacher,11.26948275862069,3.5902335468253517,58
